<?xml version="1.0" encoding="UTF-8"?>
<project-private xmlns="http://www.netbeans.org/ns/project-private/1">
    <editor-bookmarks xmlns="http://www.netbeans.org/ns/editor-bookmarks/2" lastBookmarkId="0"/>
    <open-files xmlns="http://www.netbeans.org/ns/projectui-open-files/2">
        <group>
            <file>file:/Users/taesankim/NetBeansProjects/JavaFX-FoodFinder/FoodFinder/src/foodfinder/FoodFinder.java</file>
            <file>file:/Users/taesankim/NetBeansProjects/JavaFX-FoodFinder/FoodFinder/src/controller/RegisterPageViewController.java</file>
            <file>file:/Users/taesankim/NetBeansProjects/JavaFX-FoodFinder/FoodFinder/src/view/RegisterPageView.fxml</file>
            <file>file:/Users/taesankim/NetBeansProjects/JavaFX-FoodFinder/FoodFinder/src/META-INF/persistence.xml</file>
            <file>file:/Users/taesankim/NetBeansProjects/JavaFX-FoodFinder/FoodFinder/src/model/User.java</file>
        </group>
    </open-files>
</project-private>
